true,pred
puli_pitha,puli_pitha
hilsa_fish,hilsa_fish
egg_omelette,egg_omelette
roshgolla,roshgolla
bhapa_pitha,bhapa_pitha
potato_bhorta,potato_bhorta
teler_pitha,teler_pitha
kala_bhuna,chickpea_curry
puli_pitha,teler_pitha
haleem,haleem
teler_pitha,bhapa_pitha
haleem,haleem
khichuri,khichuri
sweet_yogurt,sweet_yogurt
hilsa_fish,hilsa_fish
bhapa_pitha,bhapa_pitha
naru,naru
nehari,nehari
kacha_golla,kacha_golla
beguni,beguni
jamai_pitha,jamai_pitha
nehari,haleem
patishapta_pitha,patishapta_pitha
bangladeshi_biryani,bangladeshi_biryani
kebab,kebab
roshmalai,roshmalai
roshgolla,roshgolla
haleem,haleem
chitoi_pitha,chitoi_pitha
patishapta_pitha,patishapta_pitha
nakshi_pitha,nakshi_pitha
beguni,beguni
kebab,egg_omelette
khichuri,khichuri
naru,naru
bhapa_pitha,bhapa_pitha
kebab,kebab
bangladeshi_biryani,bangladeshi_biryani
bangladeshi_biryani,bangladeshi_biryani
puli_pitha,puli_pitha
fuchka,fuchka
nakshi_pitha,jamai_pitha
chitoi_pitha,chitoi_pitha
sweet_yogurt,sweet_yogurt
roshgolla,roshgolla
chitoi_pitha,sweet_yogurt
jamai_pitha,jamai_pitha
nehari,nehari
jamai_pitha,jamai_pitha
kala_bhuna,kebab
roshgolla,roshgolla
haleem,haleem
kebab,egg_omelette
bangladeshi_biryani,bangladeshi_biryani
jamai_pitha,jamai_pitha
egg_omelette,egg_omelette
puli_pitha,puli_pitha
bhapa_pitha,bhapa_pitha
bhapa_pitha,bhapa_pitha
teler_pitha,teler_pitha
chitoi_pitha,chitoi_pitha
nakshi_pitha,nakshi_pitha
potato_bhorta,potato_bhorta
khichuri,khichuri
naru,naru
kebab,kebab
roshmalai,roshmalai
chitoi_pitha,chitoi_pitha
chitoi_pitha,sweet_yogurt
paratha,paratha
jamai_pitha,jamai_pitha
roshgolla,roshgolla
nehari,nehari
jamai_pitha,jamai_pitha
jamai_pitha,jamai_pitha
nehari,nehari
egg_omelette,egg_omelette
nehari,nehari
jamai_pitha,jamai_pitha
chitoi_pitha,chitoi_pitha
kebab,kebab
patishapta_pitha,patishapta_pitha
chickpea_curry,chickpea_curry
kebab,kebab
kebab,kebab
paratha,paratha
jamai_pitha,jamai_pitha
teler_pitha,teler_pitha
sweet_yogurt,bhapa_pitha
bangladeshi_biryani,bangladeshi_biryani
naru,naru
hilsa_fish,hilsa_fish
egg_omelette,egg_omelette
kala_bhuna,kebab
puli_pitha,puli_pitha
naru,naru
haleem,haleem
egg_omelette,kebab
roshmalai,roshmalai
puli_pitha,puli_pitha
haleem,haleem
patishapta_pitha,patishapta_pitha
khichuri,khichuri
morog_polao,bangladeshi_biryani
bangladeshi_biryani,bangladeshi_biryani
egg_omelette,egg_omelette
chitoi_pitha,chitoi_pitha
kacha_golla,kacha_golla
haleem,haleem
teler_pitha,teler_pitha
patishapta_pitha,patishapta_pitha
sweet_yogurt,sweet_yogurt
haleem,haleem
kebab,kebab
potato_bhorta,potato_bhorta
bhapa_pitha,bhapa_pitha
chitoi_pitha,chitoi_pitha
chickpea_curry,chickpea_curry
kebab,kebab
egg_omelette,egg_omelette
kebab,kebab
roshgolla,roshgolla
sweet_yogurt,sweet_yogurt
teler_pitha,teler_pitha
beguni,beguni
kebab,kebab
kebab,kebab
kebab,kebab
teler_pitha,bhapa_pitha
hilsa_fish,hilsa_fish
kebab,kebab
bhapa_pitha,bhapa_pitha
roshgolla,roshgolla
kebab,kebab
bangladeshi_biryani,bangladeshi_biryani
roshmalai,roshmalai
beguni,beguni
egg_omelette,egg_omelette
naru,naru
puli_pitha,teler_pitha
egg_omelette,egg_omelette
kebab,kebab
bakorkhani,bakorkhani
egg_omelette,egg_omelette
sweet_yogurt,sweet_yogurt
morog_polao,morog_polao
fuchka,fuchka
puli_pitha,puli_pitha
bhapa_pitha,bhapa_pitha
patishapta_pitha,patishapta_pitha
teler_pitha,teler_pitha
bhapa_pitha,bhapa_pitha
haleem,haleem
bakorkhani,bakorkhani
hilsa_fish,hilsa_fish
naru,naru
naru,naru
egg_omelette,egg_omelette
roshgolla,roshgolla
khichuri,khichuri
sweet_yogurt,sweet_yogurt
roshmalai,roshmalai
teler_pitha,teler_pitha
khichuri,khichuri
bhapa_pitha,bhapa_pitha
puli_pitha,puli_pitha
naru,naru
hilsa_fish,hilsa_fish
naru,naru
chickpea_curry,chickpea_curry
nehari,nehari
nakshi_pitha,nakshi_pitha
puli_pitha,puli_pitha
hilsa_fish,hilsa_fish
patishapta_pitha,patishapta_pitha
bhapa_pitha,bhapa_pitha
kala_bhuna,kebab
egg_omelette,egg_omelette
egg_omelette,egg_omelette
egg_omelette,egg_omelette
bhapa_pitha,bhapa_pitha
nakshi_pitha,jamai_pitha
nakshi_pitha,jamai_pitha
bhapa_pitha,bhapa_pitha
egg_omelette,egg_omelette
haleem,haleem
beguni,beguni
egg_omelette,egg_omelette
nehari,nehari
kebab,kebab
chickpea_curry,chickpea_curry
potato_bhorta,potato_bhorta
nakshi_pitha,jamai_pitha
kebab,kebab
kacha_golla,kacha_golla
fuchka,fuchka
khichuri,khichuri
roshmalai,roshmalai
kebab,kebab
egg_omelette,egg_omelette
paratha,paratha
bhapa_pitha,bhapa_pitha
sweet_yogurt,sweet_yogurt
hilsa_fish,hilsa_fish
roshgolla,roshgolla
bakorkhani,bakorkhani
chitoi_pitha,chitoi_pitha
kala_bhuna,kala_bhuna
naru,naru
chitoi_pitha,chitoi_pitha
puli_pitha,puli_pitha
puli_pitha,patishapta_pitha
egg_omelette,egg_omelette
kebab,kebab
beguni,beguni
roshmalai,roshmalai
egg_omelette,egg_omelette
nakshi_pitha,nakshi_pitha
patishapta_pitha,patishapta_pitha
bangladeshi_biryani,bangladeshi_biryani
puli_pitha,puli_pitha
sweet_yogurt,sweet_yogurt
kebab,kebab
bangladeshi_biryani,bangladeshi_biryani
patishapta_pitha,patishapta_pitha
hilsa_fish,hilsa_fish
bhapa_pitha,bhapa_pitha
patishapta_pitha,patishapta_pitha
nehari,nehari
chickpea_curry,chickpea_curry
sweet_yogurt,sweet_yogurt
jamai_pitha,jamai_pitha
potato_bhorta,potato_bhorta
teler_pitha,teler_pitha
haleem,haleem
kacha_golla,kacha_golla
khichuri,khichuri
sweet_yogurt,sweet_yogurt
khichuri,khichuri
hilsa_fish,haleem
fuchka,fuchka
chitoi_pitha,chitoi_pitha
teler_pitha,teler_pitha
chitoi_pitha,chitoi_pitha
potato_bhorta,potato_bhorta
sweet_yogurt,sweet_yogurt
beguni,beguni
egg_omelette,egg_omelette
kebab,kebab
egg_omelette,egg_omelette
haleem,haleem
jamai_pitha,jamai_pitha
egg_omelette,egg_omelette
egg_omelette,egg_omelette
puli_pitha,puli_pitha
beguni,beguni
nakshi_pitha,nakshi_pitha
nakshi_pitha,jamai_pitha
beguni,beguni
bakorkhani,bakorkhani
roshgolla,naru
hilsa_fish,hilsa_fish
teler_pitha,teler_pitha
roshmalai,roshmalai
fuchka,fuchka
beguni,beguni
bhapa_pitha,bhapa_pitha
nehari,nehari
roshgolla,roshgolla
teler_pitha,teler_pitha
jamai_pitha,jamai_pitha
haleem,chitoi_pitha
fuchka,fuchka
patishapta_pitha,patishapta_pitha
kala_bhuna,chickpea_curry
morog_polao,bangladeshi_biryani
fuchka,fuchka
jamai_pitha,jamai_pitha
teler_pitha,teler_pitha
egg_omelette,egg_omelette
roshgolla,roshgolla
jamai_pitha,jamai_pitha
kebab,kebab
bhapa_pitha,bhapa_pitha
naru,naru
roshgolla,roshgolla
khichuri,khichuri
nehari,nehari
potato_bhorta,potato_bhorta
bangladeshi_biryani,bangladeshi_biryani
teler_pitha,teler_pitha
roshgolla,roshgolla
egg_omelette,egg_omelette
khichuri,khichuri
bangladeshi_biryani,bangladeshi_biryani
jamai_pitha,jamai_pitha
puli_pitha,puli_pitha
nehari,nehari
nakshi_pitha,nakshi_pitha
fuchka,fuchka
khichuri,khichuri
naru,naru
kacha_golla,sweet_yogurt
beguni,beguni
haleem,haleem
bhapa_pitha,bhapa_pitha
naru,naru
egg_omelette,egg_omelette
chitoi_pitha,chitoi_pitha
bangladeshi_biryani,bangladeshi_biryani
khichuri,khichuri
naru,naru
chitoi_pitha,bhapa_pitha
haleem,haleem
nakshi_pitha,nakshi_pitha
jamai_pitha,patishapta_pitha
hilsa_fish,hilsa_fish
patishapta_pitha,patishapta_pitha
paratha,paratha
roshmalai,roshmalai
egg_omelette,egg_omelette
egg_omelette,egg_omelette
naru,naru
puli_pitha,puli_pitha
kala_bhuna,kala_bhuna
bhapa_pitha,bhapa_pitha
kebab,kebab
nakshi_pitha,nakshi_pitha
nehari,haleem
roshgolla,roshgolla
nakshi_pitha,nakshi_pitha
patishapta_pitha,patishapta_pitha
paratha,paratha
sweet_yogurt,sweet_yogurt
khichuri,khichuri
khichuri,khichuri
khichuri,khichuri
nakshi_pitha,nakshi_pitha
bhapa_pitha,bhapa_pitha
khichuri,khichuri
beguni,beguni
khichuri,khichuri
kebab,kebab
bangladeshi_biryani,bangladeshi_biryani
bangladeshi_biryani,bangladeshi_biryani
hilsa_fish,hilsa_fish
paratha,potato_bhorta
roshmalai,roshmalai
morog_polao,bangladeshi_biryani
naru,naru
teler_pitha,teler_pitha
haleem,haleem
beguni,beguni
beguni,beguni
roshgolla,roshgolla
beguni,beguni
sweet_yogurt,sweet_yogurt
roshmalai,roshmalai
roshgolla,roshgolla
hilsa_fish,hilsa_fish
bangladeshi_biryani,bangladeshi_biryani
patishapta_pitha,patishapta_pitha
haleem,haleem
nehari,nehari
haleem,haleem
sweet_yogurt,sweet_yogurt
kebab,kebab
kebab,kebab
bangladeshi_biryani,bangladeshi_biryani
teler_pitha,teler_pitha
nakshi_pitha,nakshi_pitha
egg_omelette,egg_omelette
sweet_yogurt,sweet_yogurt
morog_polao,morog_polao
potato_bhorta,potato_bhorta
sweet_yogurt,sweet_yogurt
egg_omelette,egg_omelette
bakorkhani,bakorkhani
bhapa_pitha,bhapa_pitha
kebab,kebab
puli_pitha,puli_pitha
kacha_golla,kacha_golla
egg_omelette,egg_omelette
kebab,kebab
puli_pitha,puli_pitha
patishapta_pitha,patishapta_pitha
teler_pitha,teler_pitha
paratha,paratha
puli_pitha,puli_pitha
naru,naru
chitoi_pitha,chitoi_pitha
nehari,bakorkhani
haleem,haleem
bangladeshi_biryani,bangladeshi_biryani
hilsa_fish,hilsa_fish
teler_pitha,teler_pitha
sweet_yogurt,sweet_yogurt
kebab,kebab
bhapa_pitha,bhapa_pitha
kebab,kebab
jamai_pitha,jamai_pitha
teler_pitha,teler_pitha
bangladeshi_biryani,bangladeshi_biryani
beguni,beguni
hilsa_fish,hilsa_fish
nakshi_pitha,nakshi_pitha
sweet_yogurt,sweet_yogurt
egg_omelette,egg_omelette
nakshi_pitha,nakshi_pitha
beguni,beguni
egg_omelette,egg_omelette
egg_omelette,egg_omelette
roshgolla,roshgolla
sweet_yogurt,sweet_yogurt
morog_polao,morog_polao
egg_omelette,egg_omelette
hilsa_fish,hilsa_fish
haleem,khichuri
roshmalai,roshmalai
roshgolla,roshgolla
kacha_golla,kacha_golla
nakshi_pitha,nakshi_pitha
egg_omelette,egg_omelette
khichuri,bangladeshi_biryani
egg_omelette,egg_omelette
patishapta_pitha,patishapta_pitha
kacha_golla,kacha_golla
morog_polao,morog_polao
patishapta_pitha,patishapta_pitha
kala_bhuna,kala_bhuna
roshmalai,roshmalai
patishapta_pitha,patishapta_pitha
egg_omelette,egg_omelette
khichuri,khichuri
beguni,beguni
chitoi_pitha,chitoi_pitha
kebab,kebab
chitoi_pitha,chitoi_pitha
beguni,beguni
egg_omelette,egg_omelette
teler_pitha,teler_pitha
kala_bhuna,kala_bhuna
beguni,beguni
egg_omelette,egg_omelette
bangladeshi_biryani,bangladeshi_biryani
bhapa_pitha,bhapa_pitha
roshgolla,roshgolla
patishapta_pitha,patishapta_pitha
puli_pitha,puli_pitha
khichuri,khichuri
roshgolla,roshgolla
chitoi_pitha,chitoi_pitha
haleem,sweet_yogurt
khichuri,bangladeshi_biryani
nehari,nehari
puli_pitha,teler_pitha
haleem,bangladeshi_biryani
egg_omelette,egg_omelette
paratha,paratha
haleem,haleem
beguni,beguni
nakshi_pitha,nakshi_pitha
sweet_yogurt,sweet_yogurt
kacha_golla,kacha_golla
khichuri,bangladeshi_biryani
jamai_pitha,beguni
morog_polao,morog_polao
roshgolla,roshgolla
teler_pitha,teler_pitha
naru,naru
chitoi_pitha,chitoi_pitha
roshgolla,roshgolla
roshmalai,roshmalai
patishapta_pitha,patishapta_pitha
bhapa_pitha,bhapa_pitha
puli_pitha,puli_pitha
paratha,paratha
jamai_pitha,patishapta_pitha
nehari,kala_bhuna
beguni,beguni
jamai_pitha,patishapta_pitha
sweet_yogurt,sweet_yogurt
beguni,beguni
bhapa_pitha,bhapa_pitha
roshgolla,roshgolla
beguni,beguni
bhapa_pitha,bhapa_pitha
hilsa_fish,hilsa_fish
kebab,kebab
chickpea_curry,chickpea_curry
egg_omelette,egg_omelette
potato_bhorta,potato_bhorta
naru,naru
nehari,nehari
kebab,kebab
puli_pitha,puli_pitha
fuchka,fuchka
bhapa_pitha,bhapa_pitha
bhapa_pitha,bhapa_pitha
nehari,haleem
egg_omelette,egg_omelette
hilsa_fish,hilsa_fish
khichuri,bangladeshi_biryani
nakshi_pitha,nakshi_pitha
roshgolla,roshgolla
potato_bhorta,potato_bhorta
khichuri,khichuri
egg_omelette,egg_omelette
egg_omelette,egg_omelette
kacha_golla,kacha_golla
kebab,kebab
chickpea_curry,kebab
bakorkhani,patishapta_pitha
beguni,beguni
jamai_pitha,nakshi_pitha
naru,naru
morog_polao,morog_polao
bangladeshi_biryani,bangladeshi_biryani
bhapa_pitha,bhapa_pitha
kebab,kebab
egg_omelette,egg_omelette
patishapta_pitha,patishapta_pitha
naru,naru
nakshi_pitha,jamai_pitha
hilsa_fish,potato_bhorta
patishapta_pitha,patishapta_pitha
patishapta_pitha,patishapta_pitha
kacha_golla,kacha_golla
patishapta_pitha,patishapta_pitha
bakorkhani,bakorkhani
roshgolla,roshgolla
bangladeshi_biryani,bangladeshi_biryani
jamai_pitha,jamai_pitha
egg_omelette,egg_omelette
bhapa_pitha,bhapa_pitha
bangladeshi_biryani,bangladeshi_biryani
roshmalai,roshmalai
paratha,paratha
egg_omelette,egg_omelette
morog_polao,morog_polao
teler_pitha,teler_pitha
patishapta_pitha,patishapta_pitha
fuchka,teler_pitha
patishapta_pitha,patishapta_pitha
paratha,paratha
puli_pitha,puli_pitha
beguni,beguni
roshgolla,roshgolla
chitoi_pitha,chitoi_pitha
roshgolla,roshgolla
roshmalai,roshmalai
potato_bhorta,chickpea_curry
morog_polao,morog_polao
khichuri,khichuri
roshgolla,roshgolla
patishapta_pitha,patishapta_pitha
bakorkhani,bakorkhani
bhapa_pitha,bhapa_pitha
naru,naru
hilsa_fish,hilsa_fish
puli_pitha,puli_pitha
egg_omelette,egg_omelette
fuchka,fuchka
sweet_yogurt,sweet_yogurt
teler_pitha,teler_pitha
kala_bhuna,kala_bhuna
puli_pitha,puli_pitha
nakshi_pitha,jamai_pitha
roshmalai,roshmalai
puli_pitha,puli_pitha
hilsa_fish,hilsa_fish
bangladeshi_biryani,bangladeshi_biryani
jamai_pitha,jamai_pitha
nakshi_pitha,nakshi_pitha
bangladeshi_biryani,bangladeshi_biryani
sweet_yogurt,sweet_yogurt
nakshi_pitha,nakshi_pitha
khichuri,khichuri
naru,naru
naru,naru
jamai_pitha,jamai_pitha
nehari,nehari
puli_pitha,puli_pitha
hilsa_fish,hilsa_fish
paratha,paratha
teler_pitha,teler_pitha
egg_omelette,egg_omelette
nehari,nehari
kebab,beguni
kebab,kebab
chitoi_pitha,chitoi_pitha
chitoi_pitha,potato_bhorta
potato_bhorta,naru
bhapa_pitha,bhapa_pitha
paratha,paratha
sweet_yogurt,sweet_yogurt
kala_bhuna,kala_bhuna
chitoi_pitha,chitoi_pitha
paratha,teler_pitha
nakshi_pitha,nakshi_pitha
teler_pitha,teler_pitha
chitoi_pitha,chitoi_pitha
nakshi_pitha,nakshi_pitha
teler_pitha,teler_pitha
patishapta_pitha,patishapta_pitha
patishapta_pitha,patishapta_pitha
roshgolla,roshgolla
fuchka,fuchka
fuchka,fuchka
patishapta_pitha,patishapta_pitha
chitoi_pitha,chitoi_pitha
chickpea_curry,chickpea_curry
puli_pitha,puli_pitha
roshgolla,roshgolla
chitoi_pitha,chitoi_pitha
naru,naru
paratha,paratha
paratha,paratha
bangladeshi_biryani,bangladeshi_biryani
sweet_yogurt,sweet_yogurt
kebab,kebab
sweet_yogurt,sweet_yogurt
bakorkhani,bakorkhani
patishapta_pitha,patishapta_pitha
roshgolla,roshgolla
bangladeshi_biryani,bangladeshi_biryani
puli_pitha,puli_pitha
chitoi_pitha,chitoi_pitha
paratha,egg_omelette
kacha_golla,kacha_golla
kebab,kebab
chitoi_pitha,chitoi_pitha
roshgolla,roshgolla
jamai_pitha,patishapta_pitha
morog_polao,bangladeshi_biryani
puli_pitha,puli_pitha
puli_pitha,puli_pitha
khichuri,khichuri
khichuri,khichuri
nakshi_pitha,nakshi_pitha
nakshi_pitha,nakshi_pitha
kebab,kebab
sweet_yogurt,sweet_yogurt
naru,naru
kebab,kebab
paratha,paratha
hilsa_fish,hilsa_fish
bakorkhani,bakorkhani
jamai_pitha,jamai_pitha
hilsa_fish,hilsa_fish
kebab,kebab
khichuri,khichuri
paratha,paratha
beguni,beguni
chitoi_pitha,chitoi_pitha
puli_pitha,puli_pitha
bangladeshi_biryani,bangladeshi_biryani
naru,naru
egg_omelette,egg_omelette
fuchka,fuchka
chitoi_pitha,chitoi_pitha
egg_omelette,egg_omelette
naru,naru
hilsa_fish,hilsa_fish
kebab,haleem
jamai_pitha,jamai_pitha
nehari,nehari
egg_omelette,egg_omelette
beguni,beguni
beguni,beguni
nehari,nehari
hilsa_fish,hilsa_fish
nehari,nehari
chitoi_pitha,chitoi_pitha
fuchka,fuchka
kacha_golla,roshgolla
kacha_golla,kacha_golla
kacha_golla,kacha_golla
chickpea_curry,chickpea_curry
roshmalai,roshmalai
kebab,kebab
haleem,haleem
morog_polao,morog_polao
roshgolla,roshgolla
beguni,beguni
nehari,nehari
naru,naru
bhapa_pitha,bhapa_pitha
khichuri,khichuri
bhapa_pitha,bhapa_pitha
kala_bhuna,kala_bhuna
potato_bhorta,potato_bhorta
haleem,haleem
egg_omelette,egg_omelette
egg_omelette,egg_omelette
paratha,paratha
haleem,haleem
beguni,beguni
bangladeshi_biryani,bangladeshi_biryani
bakorkhani,bakorkhani
kebab,kebab
bangladeshi_biryani,bangladeshi_biryani
hilsa_fish,hilsa_fish
fuchka,fuchka
egg_omelette,egg_omelette
bhapa_pitha,bhapa_pitha
patishapta_pitha,patishapta_pitha
bakorkhani,teler_pitha
naru,naru
roshgolla,chitoi_pitha
patishapta_pitha,patishapta_pitha
teler_pitha,teler_pitha
kebab,kebab
puli_pitha,puli_pitha
jamai_pitha,jamai_pitha
teler_pitha,teler_pitha
hilsa_fish,hilsa_fish
puli_pitha,puli_pitha
roshgolla,bhapa_pitha
bangladeshi_biryani,beguni
paratha,paratha
egg_omelette,egg_omelette
naru,naru
patishapta_pitha,patishapta_pitha
roshmalai,roshgolla
bangladeshi_biryani,bangladeshi_biryani
patishapta_pitha,patishapta_pitha
roshgolla,roshgolla
puli_pitha,puli_pitha
sweet_yogurt,sweet_yogurt
potato_bhorta,potato_bhorta
bhapa_pitha,bhapa_pitha
bhapa_pitha,bhapa_pitha
jamai_pitha,jamai_pitha
naru,naru
paratha,paratha
teler_pitha,teler_pitha
potato_bhorta,potato_bhorta
paratha,paratha
patishapta_pitha,patishapta_pitha
paratha,paratha
egg_omelette,egg_omelette
teler_pitha,teler_pitha
bhapa_pitha,bhapa_pitha
egg_omelette,egg_omelette
hilsa_fish,hilsa_fish
kebab,kebab
chitoi_pitha,chitoi_pitha
naru,naru
haleem,haleem
khichuri,khichuri
egg_omelette,egg_omelette
paratha,paratha
haleem,bangladeshi_biryani
nehari,nehari
potato_bhorta,potato_bhorta
haleem,haleem
teler_pitha,teler_pitha
naru,naru
kebab,kebab
nehari,bakorkhani
nehari,nehari
beguni,beguni
kebab,kebab
sweet_yogurt,sweet_yogurt
chitoi_pitha,bhapa_pitha
patishapta_pitha,patishapta_pitha
kala_bhuna,kala_bhuna
khichuri,khichuri
teler_pitha,teler_pitha
teler_pitha,teler_pitha
kebab,kebab
egg_omelette,egg_omelette
sweet_yogurt,sweet_yogurt
khichuri,khichuri
nakshi_pitha,nakshi_pitha
nehari,nehari
khichuri,khichuri
chitoi_pitha,chitoi_pitha
haleem,haleem
fuchka,fuchka
teler_pitha,teler_pitha
haleem,haleem
potato_bhorta,potato_bhorta
fuchka,fuchka
jamai_pitha,jamai_pitha
jamai_pitha,jamai_pitha
beguni,beguni
bangladeshi_biryani,bangladeshi_biryani
nakshi_pitha,nakshi_pitha
egg_omelette,egg_omelette
nakshi_pitha,nakshi_pitha
chickpea_curry,chickpea_curry
patishapta_pitha,patishapta_pitha
kebab,kebab
naru,naru
nehari,nehari
hilsa_fish,hilsa_fish
jamai_pitha,beguni
roshmalai,roshmalai
khichuri,khichuri
sweet_yogurt,sweet_yogurt
roshmalai,roshmalai
patishapta_pitha,patishapta_pitha
egg_omelette,egg_omelette
chitoi_pitha,chitoi_pitha
haleem,haleem
morog_polao,bangladeshi_biryani
puli_pitha,puli_pitha
nakshi_pitha,nakshi_pitha
kala_bhuna,kala_bhuna
paratha,paratha
egg_omelette,egg_omelette
roshmalai,roshmalai
roshgolla,roshgolla
roshmalai,roshmalai
roshgolla,naru
fuchka,fuchka
teler_pitha,teler_pitha
hilsa_fish,hilsa_fish
sweet_yogurt,sweet_yogurt
morog_polao,morog_polao
beguni,beguni
patishapta_pitha,patishapta_pitha
jamai_pitha,jamai_pitha
nakshi_pitha,nakshi_pitha
chitoi_pitha,chitoi_pitha
fuchka,fuchka
kebab,kebab
puli_pitha,puli_pitha
teler_pitha,teler_pitha
bhapa_pitha,bhapa_pitha
hilsa_fish,hilsa_fish
patishapta_pitha,patishapta_pitha
nakshi_pitha,nakshi_pitha
puli_pitha,puli_pitha
chitoi_pitha,chitoi_pitha
egg_omelette,egg_omelette
morog_polao,bangladeshi_biryani
beguni,beguni
hilsa_fish,hilsa_fish
jamai_pitha,jamai_pitha
nakshi_pitha,nakshi_pitha
fuchka,fuchka
roshgolla,roshgolla
egg_omelette,egg_omelette
egg_omelette,egg_omelette
paratha,kebab
haleem,nehari
naru,naru
chitoi_pitha,chitoi_pitha
teler_pitha,teler_pitha
bakorkhani,bakorkhani
nakshi_pitha,nakshi_pitha
fuchka,fuchka
chitoi_pitha,chitoi_pitha
egg_omelette,egg_omelette
nakshi_pitha,nakshi_pitha
naru,naru
kacha_golla,kacha_golla
jamai_pitha,jamai_pitha
beguni,beguni
fuchka,fuchka
beguni,beguni
kacha_golla,kacha_golla
teler_pitha,teler_pitha
hilsa_fish,hilsa_fish
egg_omelette,egg_omelette
naru,naru
hilsa_fish,hilsa_fish
puli_pitha,puli_pitha
bangladeshi_biryani,bangladeshi_biryani
chitoi_pitha,chitoi_pitha
roshgolla,roshgolla
jamai_pitha,jamai_pitha
kebab,kebab
naru,naru
hilsa_fish,hilsa_fish
bangladeshi_biryani,bangladeshi_biryani
potato_bhorta,potato_bhorta
potato_bhorta,potato_bhorta
sweet_yogurt,sweet_yogurt
fuchka,fuchka
bhapa_pitha,bhapa_pitha
bhapa_pitha,bhapa_pitha
paratha,patishapta_pitha
bhapa_pitha,bhapa_pitha
fuchka,fuchka
kala_bhuna,kala_bhuna
bhapa_pitha,bhapa_pitha
jamai_pitha,jamai_pitha
chitoi_pitha,chitoi_pitha
kebab,kebab
patishapta_pitha,patishapta_pitha
hilsa_fish,hilsa_fish
bhapa_pitha,bhapa_pitha
bhapa_pitha,bhapa_pitha
khichuri,khichuri
morog_polao,morog_polao
chitoi_pitha,chitoi_pitha
nakshi_pitha,nakshi_pitha
patishapta_pitha,patishapta_pitha
kebab,kebab
morog_polao,potato_bhorta
jamai_pitha,jamai_pitha
puli_pitha,puli_pitha
kala_bhuna,kala_bhuna
teler_pitha,teler_pitha
puli_pitha,puli_pitha
nehari,nehari
bakorkhani,teler_pitha
kebab,kebab
fuchka,fuchka
jamai_pitha,jamai_pitha
hilsa_fish,hilsa_fish
puli_pitha,puli_pitha
egg_omelette,egg_omelette
nakshi_pitha,nakshi_pitha
roshgolla,roshgolla
teler_pitha,teler_pitha
kala_bhuna,kala_bhuna
beguni,beguni
roshgolla,roshgolla
kebab,kebab
sweet_yogurt,sweet_yogurt
potato_bhorta,potato_bhorta
haleem,haleem
khichuri,khichuri
nehari,nehari
patishapta_pitha,patishapta_pitha
jamai_pitha,jamai_pitha
egg_omelette,egg_omelette
sweet_yogurt,sweet_yogurt
hilsa_fish,hilsa_fish
kacha_golla,kacha_golla
egg_omelette,egg_omelette
puli_pitha,patishapta_pitha
roshgolla,roshgolla
egg_omelette,egg_omelette
naru,naru
teler_pitha,teler_pitha
chitoi_pitha,bhapa_pitha
kacha_golla,bhapa_pitha
fuchka,fuchka
egg_omelette,egg_omelette
roshmalai,roshmalai
kacha_golla,kacha_golla
roshgolla,roshgolla
kebab,paratha
kebab,kebab
bangladeshi_biryani,bangladeshi_biryani
egg_omelette,beguni
puli_pitha,puli_pitha
sweet_yogurt,sweet_yogurt
sweet_yogurt,nehari
naru,naru
jamai_pitha,jamai_pitha
chickpea_curry,chickpea_curry
bangladeshi_biryani,bangladeshi_biryani
naru,naru
roshgolla,roshgolla
chickpea_curry,chickpea_curry
haleem,haleem
kacha_golla,kacha_golla
teler_pitha,teler_pitha
chitoi_pitha,chitoi_pitha
jamai_pitha,jamai_pitha
nakshi_pitha,nakshi_pitha
hilsa_fish,hilsa_fish
roshgolla,roshgolla
roshmalai,roshmalai
kebab,kebab
teler_pitha,bhapa_pitha
jamai_pitha,jamai_pitha
roshgolla,roshgolla
naru,naru
haleem,haleem
beguni,beguni
potato_bhorta,haleem
bangladeshi_biryani,bangladeshi_biryani
teler_pitha,teler_pitha
nakshi_pitha,nakshi_pitha
hilsa_fish,hilsa_fish
hilsa_fish,hilsa_fish
egg_omelette,egg_omelette
patishapta_pitha,patishapta_pitha
jamai_pitha,beguni
hilsa_fish,hilsa_fish
jamai_pitha,jamai_pitha
nakshi_pitha,nakshi_pitha
beguni,beguni
roshmalai,roshmalai
nakshi_pitha,jamai_pitha
kala_bhuna,kala_bhuna
egg_omelette,egg_omelette
nakshi_pitha,nakshi_pitha
