step,epoch,loss,token_acc,learning_rate
1,0.002328288707799767,0.5195030570030212,0.8666666666666667,6.060606060606061e-07
5,0.011641443538998836,0.42293065786361694,0.8857808857808858,3.0303030303030305e-06
10,0.023282887077997673,0.3870980262756348,0.8946360153256705,6.060606060606061e-06
15,0.034924330616996506,0.346200966835022,0.8947368421052632,9.090909090909091e-06
20,0.046565774155995346,0.3086719036102295,0.9118773946360154,1.2121212121212122e-05
25,0.05820721769499418,0.2546056270599365,0.9192660550458716,1.5151515151515153e-05
30,0.06984866123399301,0.2604252815246582,0.9273422562141491,1.8181818181818182e-05
35,0.08149010477299184,0.1813882827758789,0.9392265193370166,1.9999472984871734e-05
40,0.09313154831199069,0.22350082397460938,0.9352380952380952,1.999354470260564e-05
45,0.10477299185098952,0.24598226547241211,0.9154135338345865,1.9981033287370443e-05
50,0.11641443538998836,0.17293914556503295,0.9356060606060606,1.9961946980917457e-05
55,0.1280558789289872,0.17192115783691406,0.9479553903345725,1.993629835613218e-05
60,0.13969732246798602,0.17605667114257811,0.94,1.9904104308752053e-05
65,0.15133876600698487,0.13884942531585692,0.9447513812154696,1.9865386046236597e-05
70,0.1629802095459837,0.1740320324897766,0.9586466165413534,1.982016907379723e-05
75,0.17462165308498254,0.11738821268081664,0.9726027397260274,1.9768483177596008e-05
80,0.18626309662398138,0.08968327045440674,0.9734848484848485,1.9710362405124335e-05
85,0.1979045401629802,0.17213773727416992,0.9561904761904761,1.9645845042774555e-05
90,0.20954598370197905,0.14642184972763062,0.9552238805970149,1.9574973590619243e-05
95,0.22118742724097787,0.10348117351531982,0.9658444022770398,1.9497794734414782e-05
100,0.23282887077997672,0.07139215469360352,0.976491862567812,1.941435931484761e-05
105,0.24447031431897556,0.07503234148025513,0.9753787878787878,1.932472229404356e-05
110,0.2561117578579744,0.05774657726287842,0.9821782178217822,1.9228942719362144e-05
115,0.26775320139697323,0.08688738942146301,0.9745098039215686,1.9127083684499805e-05
120,0.27939464493597205,0.09171482920646667,0.9698681732580038,1.9019212287927663e-05
125,0.2910360884749709,0.06855278611183166,0.9805068226120858,1.8905399588691165e-05
130,0.30267753201396974,0.08871402740478515,0.9811676082862524,1.8785720559600753e-05
135,0.31431897555296856,0.051900053024291994,0.9863813229571985,1.866025403784439e-05
140,0.3259604190919674,0.06961102485656738,0.9806949806949807,1.8529082673054456e-05
145,0.33760186263096625,0.04725755453109741,0.984251968503937,1.839229287286327e-05
150,0.3492433061699651,0.07977921962738037,0.9732313575525813,1.8249974745983023e-05
155,0.3608847497089639,0.061673879623413086,0.9811320754716981,1.8102222042847735e-05
160,0.37252619324796277,0.06759505271911621,0.9714828897338403,1.79491320938562e-05
165,0.3841676367869616,0.07358793020248414,0.9809160305343512,1.7790805745256703e-05
170,0.3958090803259604,0.06572923660278321,0.9869158878504672,1.7627347292715747e-05
175,0.4074505238649593,0.09383296966552734,0.9761431411530815,1.7458864412614436e-05
180,0.4190919674039581,0.07108761668205262,0.982824427480916,1.7285468091117904e-05
185,0.4307334109429569,0.05084939599037171,0.98828125,1.710727255106447e-05
190,0.44237485448195574,0.09828668236732482,0.9750479846449136,1.6924395176722647e-05
195,0.4540162980209546,0.04517967402935028,0.9822134387351779,1.6736956436465573e-05
200,0.46565774155995343,0.05504144430160522,0.982725527831094,1.6545079803413892e-05
205,0.47729918509895225,0.05756433010101318,0.9826923076923076,1.634889167409923e-05
210,0.4889406286379511,0.0671904742717743,0.988527724665392,1.6148521285201926e-05
215,0.5005820721769499,0.06991320848464966,0.9847619047619047,1.594410062841787e-05
220,0.5122235157159488,0.03997745811939239,0.9922630560928434,1.573576436351046e-05
225,0.5238649592549476,0.04177688956260681,0.9883040935672515,1.552364972960506e-05
230,0.5355064027939465,0.0551008403301239,0.9845261121856866,1.530789645478426e-05
235,0.5471478463329453,0.05815420150756836,0.9851851851851852,1.5088646664043652e-05
240,0.5587892898719441,0.07596960663795471,0.9842209072978304,1.4866044785668563e-05
245,0.570430733410943,0.03740372657775879,0.9903100775193798,1.4640237456093636e-05
250,0.5820721769499418,0.0625037431716919,0.9835164835164835,1.4411373423307712e-05
255,0.5937136204889406,0.043829146027565005,0.992467043314501,1.4179603448867836e-05
260,0.6053550640279395,0.05422507524490357,0.9861386138613861,1.3945080208586776e-05
265,0.6169965075669382,0.05398288369178772,0.9881656804733728,1.3707958191959609e-05
270,0.6286379511059371,0.034567338228225705,0.990530303030303,1.3468393600395526e-05
275,0.640279394644936,0.03595424890518188,0.9902723735408561,1.322654424432195e-05
280,0.6519208381839348,0.030368340015411378,0.9945155393053017,1.2982569439228713e-05
285,0.6635622817229336,0.02953112721443176,0.9901768172888016,1.2736629900720832e-05
290,0.6752037252619325,0.08854966759681701,0.9824561403508771,1.2488887638648908e-05
295,0.6868451688009313,0.06339873671531678,0.9807321772639692,1.2239505850387032e-05
300,0.6984866123399301,0.05202599167823792,0.9870609981515711,1.1988648813328368e-05
305,0.710128055878929,0.047520822286605834,0.9924385633270322,1.1736481776669307e-05
310,0.7217694994179278,0.02502172291278839,0.9924953095684803,1.1483170852553447e-05
315,0.7334109429569267,0.0224944144487381,0.9962756052141527,1.1228882906647142e-05
320,0.7450523864959255,0.0294677197933197,0.9867674858223062,1.0973785448218638e-05
325,0.7566938300349243,0.04623490571975708,0.9869646182495344,1.0718046519793276e-05
330,0.7683352735739232,0.06113013029098511,0.9813432835820896,1.0461834586457398e-05
335,0.779976717112922,0.050143659114837646,0.9818181818181818,1.0205318424883906e-05
340,0.7916181606519208,0.028307953476905824,0.9922928709055877,9.948667012152566e-06
345,0.8032596041909197,0.04186883568763733,0.9848484848484849,9.692049414438298e-06
350,0.8149010477299186,0.07855132818222046,0.9761904761904762,9.435634675640756e-06
355,0.8265424912689173,0.03397698402404785,0.9884393063583815,9.179591706028626e-06
360,0.8381839348079162,0.03154411315917969,0.9901574803149606,8.924089170971887e-06
365,0.8498253783469151,0.05332170724868775,0.9883495145631068,8.669295379835467e-06
370,0.8614668218859138,0.03586753010749817,0.9886148007590133,8.415378175107352e-06
375,0.8731082654249127,0.023705494403839112,0.9961685823754789,8.162504821834296e-06
380,0.8847497089639115,0.05711495876312256,0.9810606060606061,7.910841897437875e-06
385,0.8963911525029103,0.03378128707408905,0.9940711462450593,7.660555181983517e-06
390,0.9080325960419092,0.08426039218902588,0.9790356394129979,7.411809548974792e-06
395,0.919674039580908,0.006964188069105148,1.0,7.164768856744893e-06
400,0.9313154831199069,0.020761072635650635,0.9942965779467681,6.919595840516815e-06
405,0.9429569266589057,0.041507861018180846,0.9847619047619047,6.6764520052034054e-06
410,0.9545983701979045,0.008462200313806534,1.0,6.435497519017862e-06
415,0.9662398137369034,0.05401761531829834,0.9899396378269618,6.196891107964744e-06
420,0.9778812572759022,0.023029378056526183,0.9881656804733728,5.960789951281052e-06
425,0.989522700814901,0.01839323788881302,0.9941972920696325,5.727349577896194e-06
430,1.0,0.032927829027175906,0.9874213836477987,5.496723763979092e-06
435,1.0116414435389989,0.03231249451637268,0.9924242424242424,5.269064431639901e-06
440,1.0232828870779977,0.031106704473495485,0.9887640449438202,5.044521548853053e-06
445,1.0349243306169964,0.01755816787481308,0.9942528735632183,4.823243030667576e-06
450,1.0465657741559953,0.044236600399017334,0.9852125693160814,4.605374641769752e-06
455,1.0582072176949942,0.030964910984039307,0.9891107078039928,4.391059900462305e-06
460,1.069848661233993,0.041656240820884705,0.988527724665392,4.18043998412335e-06
465,1.081490104772992,0.03717316389083862,0.9864864864864865,3.973653636207437e-06
470,1.0931315483119908,0.043571284413337706,0.9905123339658444,3.770837074849877e-06
475,1.1047729918509894,0.04373324811458588,0.9902152641878669,3.5721239031346067e-06
480,1.1164144353899883,0.02625945210456848,0.9943181818181818,3.377645021084701e-06
485,1.1280558789289872,0.03619948923587799,0.9922480620155039,3.1875285394334575e-06
490,1.139697322467986,0.03101121187210083,0.9905482041587902,3.001899695232966e-06
495,1.151338766006985,0.04723423421382904,0.9883268482490273,2.820880769355582e-06
500,1.1629802095459838,0.04145260751247406,0.9905838041431262,2.644591005942846e-06
505,1.1746216530849825,0.02008204609155655,0.9942965779467681,2.4731465338547556e-06
510,1.1862630966239813,0.018138903379440307,0.9942965779467681,2.306660290171211e-06
515,1.1979045401629802,0.005666691809892654,1.0,2.145241945796014e-06
520,1.209545983701979,0.03397104442119599,0.9942528735632183,1.9889978332124062e-06
525,1.221187427240978,0.041084101796150206,0.9904030710172744,1.8380308764377841e-06
530,1.2328288707799766,0.027294594049453735,0.9922928709055877,1.6924405232236663e-06
535,1.2444703143189755,0.009892182052135467,1.0,1.5523226795456349e-06
540,1.2561117578579744,0.0511993944644928,0.9918367346938776,1.4177696464263725e-06
545,1.2677532013969732,0.013920870423316956,0.9962049335863378,1.2888700591334225e-06
550,1.279394644935972,0.01953970193862915,0.9943502824858758,1.165708828791725e-06
555,1.291036088474971,0.059354037046432495,0.9825918762088974,1.0483670864493777e-06
560,1.3026775320139699,0.029268759489059448,0.9961315280464217,9.369221296335007e-07
565,1.3143189755529685,0.0379224956035614,0.9882121807465619,8.31447371431372e-07
570,1.3259604190919674,0.018089427053928374,0.9942196531791907,7.320122921303962e-07
575,1.3376018626309663,0.030671632289886473,0.9886148007590133,6.386823934487619e-07
580,1.3492433061699651,0.02299114465713501,0.9904580152671756,5.515191553869382e-07
585,1.3608847497089638,0.029698845744132996,0.9902152641878669,4.7057999572843516e-07
590,1.3725261932479627,0.014960578083992005,0.9941860465116279,3.959182322164801e-07
595,1.3841676367869615,0.034499716758728025,0.9904030710172744,3.2758304743158554e-07
600,1.3958090803259604,0.027165094017982484,0.9959839357429718,2.656194563930714e-07
605,1.4074505238649593,0.031177860498428345,0.9887640449438202,2.1006827690595478e-07
610,1.4190919674039582,0.049239394068717954,0.9808795411089866,1.6096610267267165e-07
615,1.430733410942957,0.02257142961025238,0.9939516129032258,1.1834527918740624e-07
620,1.4423748544819557,0.027021047472953797,0.9901960784313726,8.223388242886266e-08
625,1.4540162980209546,0.027449089288711547,0.9887429643527205,5.265570036553813e-08
630,1.4656577415599534,0.06076035499572754,0.9886148007590133,2.963021728567106e-08
635,1.4772991850989523,0.05655973553657532,0.9847908745247148,1.3172600962190196e-08
640,1.4889406286379512,0.04981919229030609,0.9908088235294118,3.2936926611149e-09
645,1.5005820721769498,0.013311533629894257,0.994328922495274,0.0
