class,group,precision_pct,recall_pct,f1_pct,support,correct
bakorkhani,existing,84.62,78.57,81.48,14,11
bangladeshi_biryani,existing,75.00,97.30,84.71,37,36
beguni,existing,86.96,100.00,93.02,40,40
chickpea_curry,existing,78.57,91.67,84.62,12,11
egg_omelette,existing,96.15,97.40,96.77,77,75
fuchka,existing,100.00,96.30,98.11,27,26
haleem,existing,83.33,83.33,83.33,36,30
hilsa_fish,existing,100.00,95.45,97.67,44,42
kacha_golla,existing,100.00,85.71,92.31,21,18
kala_bhuna,existing,92.86,72.22,81.25,18,13
kebab,existing,90.48,91.94,91.20,62,57
khichuri,existing,97.14,89.47,93.15,38,34
morog_polao,existing,100.00,61.11,75.86,18,11
nehari,existing,92.86,81.25,86.67,32,26
paratha,existing,95.83,82.14,88.46,28,23
potato_bhorta,existing,81.82,85.71,83.72,21,18
roshgolla,existing,95.65,91.67,93.62,48,44
roshmalai,existing,100.00,96.15,98.04,26,25
sweet_yogurt,existing,90.00,94.74,92.31,38,36
bhapa_pitha,pithanet,83.33,100.00,90.91,45,45
chitoi_pitha,pithanet,95.12,86.67,90.70,45,39
jamai_pitha,pithanet,82.22,82.22,82.22,45,37
nakshi_pitha,pithanet,97.37,82.22,89.16,45,37
naru,pithanet,93.62,100.00,96.70,44,44
patishapta_pitha,pithanet,84.91,100.00,91.84,45,45
puli_pitha,pithanet,100.00,88.89,94.12,45,40
teler_pitha,pithanet,85.71,93.33,89.36,45,42
